time,accel_x,accel_y,accel_z,accel_x_scaled,accel_y_scaled,accel_z_scaled,gyro_x,gyro_y,gyro_z,gyro_x_scaled,gyro_y_scaled,gyro_z_scaled,x_rotation,y_rotation,proximity,steering_angle,throttle,count
2019-03-17 10:12:54.671161,320,352,16596,0.02587890625,0.0234375,1.00732421875,-252,95,29,-2.2900763358778624,0.648854961832061,0.2824427480916031,1.5448134776237865,-1.4390506212483865,77.84,0,0,0
2019-03-17 10:12:54.712424,420,256,16504,0.018798828125,0.02734375,1.019287109375,-295,86,30,-0.022900763358778626,0.6259541984732825,0.2824427480916031,1.4751528878993128,-1.1968618627143808,77.38,0,0,0
2019-03-17 10:12:54.746308,424,264,16388,0.0224609375,0.02734375,1.0146484375,-374,91,56,-2.3053435114503817,0.48091603053435117,0.20610687022900764,2.6302664906128443,-0.9499432366419593,77.48,0,0,0
2019-03-17 10:12:54.780470,340,440,16384,0.02587890625,0.02880859375,1.01171875,-311,69,42,-2.068702290076336,0.6870229007633588,0.22137404580152673,1.3963868322291442,-1.2285811890683085,87.4,0,0,0
2019-03-17 10:12:54.817683,320,488,16820,0.020751953125,0.031494140625,1.001953125,-311,98,43,-2.4198473282442747,0.8396946564885496,0.31297709923664124,2.127828062427775,-1.1949979940484974,76.99,0,0,0
2019-03-17 10:12:54.852144,280,280,16620,0.018310546875,0.043212890625,1.01025390625,-289,79,50,-2.3740458015267176,0.7862595419847328,0.31297709923664124,2.0713497676347252,-1.1261234534336273,76.52,0,0,0
2019-03-17 10:12:54.886273,332,320,16636,0.022216796875,0.042724609375,1.014404296875,-262,48,51,-2.4427480916030535,0.5954198473282443,0.31297709923664124,1.4832501759639465,-1.7184040553688467,76.16,0,0,0
2019-03-17 10:12:54.920458,328,516,16880,0.030517578125,0.015869140625,1.013916015625,-315,85,72,-2.381679389312977,0.549618320610687,0.16030534351145037,2.42542841307751,-1.2117865305087996,76.13,0,0,0
2019-03-17 10:12:54.954755,340,460,16560,0.02734375,0.0283203125,1.0029296875,-301,84,45,-2.366412213740458,0.7175572519083969,0.2595419847328244,1.6662169986820123,-1.3520211159492768,77.78,0,0,0
2019-03-17 10:12:54.989707,392,460,16584,0.03076171875,0.045166015625,1.010009765625,-292,68,60,-2.5801526717557253,0.7251908396946565,0.17557251908396945,0.9162285037208218,-1.3548981193932716,76.61,0,0,0
2019-03-17 10:12:55.023870,324,476,16488,0.025390625,0.025634765625,1.011962890625,-296,66,19,-2.4580152671755724,0.5801526717557252,0.44274809160305345,1.4083504267444351,-1.3074200859323224,76.16,0,0,0
2019-03-17 10:12:55.057725,400,364,16804,0.02685546875,0.015869140625,1.01318359375,-28,99,46,-2.66412213740458,0.8091603053435115,0.5267175572519084,2.5121469327990775,-1.393846209135504,77.77,0,0,0
2019-03-17 10:12:55.094548,320,268,16500,0.02734375,0.017822265625,1.0087890625,-273,87,32,-2.2900763358778624,0.916030534351145,0.40458015267175573,1.8175389789211365,-1.4457795816266485,77.37,0,0,0
2019-03-17 10:12:55.129842,316,372,16392,0.022705078125,0.0263671875,1.005126953125,-296,93,47,-2.0763358778625953,0.7633587786259542,0.21374045801526717,1.7050928122594955,-1.4107194126810048,76.52,0,0,0
2019-03-17 10:12:55.168195,340,408,16708,0.015625,0.02294921875,1.01123046875,-269,116,49,-2.4198473282442747,0.8015267175572519,0.3969465648854962,1.5427932869620402,-1.4898040891593631,77.35,0,0,1
2019-03-17 10:12:55.207266,368,464,16572,0.0205078125,0.04638671875,1.019775390625,-300,83,13,-2.450381679389313,0.732824427480916,0.3969465648854962,1.8265524183686266,-1.3118312571431512,76.53,0,0,1
2019-03-17 10:12:55.241518,324,280,16656,0.019287109375,0.02587890625,1.013671875,-311,100,60,-2.4198473282442747,0.6183206106870229,0.40458015267175573,1.693572393276556,-1.4351096048459002,76.61,0,0,1
2019-03-17 10:12:55.278333,292,476,16668,0.025146484375,0.028564453125,1.0146484375,-505,73,34,-2.122137404580153,0.6946564885496184,0.32061068702290074,1.3270195160678289,-1.3719474629991921,76.64,0,0,2
2019-03-17 10:12:55.313637,272,724,16584,0.0244140625,0.016357421875,1.004150390625,-214,82,34,-3.717557251908397,0.7938931297709924,0.2900763358778626,1.6627814931449987,-1.5033295254822874,76.54,0,0,2
2019-03-17 10:12:55.350546,376,408,16696,0.02001953125,0.029541015625,1.012451171875,-302,80,6,-2.7938931297709924,0.5648854961832062,0.31297709923664124,1.4699868155164932,-1.4947417258596951,76.56,0,0,3
2019-03-17 10:12:55.387588,420,552,16428,0.019775390625,0.040771484375,1.010498046875,-38,75,21,-2.0839694656488548,0.6259541984732825,0.26717557251908397,1.783743772535482,-1.21155417855957,77.01,0,0,3
2019-03-17 10:12:55.421965,380,736,16716,0.024169921875,0.030517578125,1.0048828125,-275,103,250,-2.4580152671755724,0.6564885496183206,0.3053435114503817,2.596660797441014,-1.3269718227258183,76.95,0,0,3
2019-03-17 10:12:55.458413,404,528,16588,0.018310546875,0.034423828125,1.01611328125,-264,81,28,-2.7786259541984735,0.816793893129771,0.26717557251908397,0.9288892679739406,-1.5079257976887956,77.04,0,0,4
2019-03-17 10:12:55.494137,316,464,16600,0.02001953125,0.02880859375,1.015869140625,-334,104,64,-2.1908396946564888,0.8473282442748091,0.40458015267175573,1.7984629134851446,-1.2554208806201008,77.0,0,0,4
2019-03-17 10:12:55.528557,428,700,16612,0.024169921875,0.027099609375,1.01220703125,-4,95,49,-2.282442748091603,0.7022900763358778,0.3053435114503817,1.6729369606860502,-1.677785315100928,78.65,0,0,4
2019-03-17 10:12:55.565266,324,460,16568,0.021728515625,0.025390625,1.00927734375,-319,67,53,-2.183206106870229,0.6030534351145038,0.25190839694656486,1.623482211696871,-1.4057090527324738,77.88,0,0,5
2019-03-17 10:12:55.600960,364,428,16512,0.02587890625,0.043212890625,1.016357421875,-257,91,22,-2.2977099236641223,0.732824427480916,0.33587786259541985,0.9426459709355367,-1.3014623318902467,75.74,0,0,5
2019-03-17 10:12:55.636095,316,496,16572,0.026611328125,0.03271484375,1.00927734375,-285,82,14,-2.2442748091603053,0.8320610687022901,0.3816793893129771,1.371957588558325,-1.071944372758324,75.28,0,0,5
2019-03-17 10:12:55.685336,404,492,16556,0.020751953125,0.0263671875,1.00244140625,-331,94,37,-2.2977099236641223,0.6183206106870229,0.3893129770992366,1.6282218028742144,-1.4171187804693652,78.23,0,0,6
2019-03-17 10:12:55.720901,256,444,16656,0.01611328125,0.039306640625,1.014404296875,-278,86,55,-2.282442748091603,0.8549618320610687,0.33587786259541985,1.5722134679489495,-1.6471511065370672,76.56,0,0,6
2019-03-17 10:12:55.756766,352,460,16496,0.022216796875,0.03173828125,1.0205078125,-327,72,41,-3.877862595419847,0.6946564885496184,0.37404580152671757,1.7424414981069114,-1.0336742571778854,76.54,0,0,6
2019-03-17 10:12:55.792660,420,260,16608,0.02197265625,0.0302734375,1.01611328125,-275,122,46,-2.33587786259542,1.0458015267175573,0.5419847328244275,1.3918266415135678,-1.3319686178758317,76.54,0,0,7
2019-03-17 10:12:55.827763,280,448,16584,0.021728515625,0.04638671875,1.001220703125,-252,91,30,-2.519083969465649,0.549618320610687,0.22900763358778625,1.3189621982178383,-1.7721757189412228,76.58,0,0,7
2019-03-17 10:12:55.862575,328,512,16804,0.02294921875,0.0234375,1.00244140625,-308,86,42,-2.236641221374046,0.6946564885496184,0.35877862595419846,1.5023923622618627,-1.204280282713536,77.01,0,0,7
2019-03-17 10:12:55.898764,360,504,16556,0.019287109375,0.031005859375,1.0126953125,-319,79,51,-2.687022900763359,0.7175572519083969,0.2824427480916031,1.5280363644530666,-1.0220499270453869,76.1,0,0,8
2019-03-17 10:12:55.933401,456,424,16776,0.023193359375,0.043212890625,1.0087890625,-504,89,44,-2.0229007633587788,0.8091603053435115,0.2824427480916031,1.6448656365134295,-1.3565360439310419,74.45,0,0,8
2019-03-17 10:12:55.968217,400,432,16500,0.02197265625,0.02978515625,1.01513671875,-280,101,58,-2.5343511450381677,0.8702290076335878,0.183206106870229,1.545798214344626,-1.0744678542497406,76.09,0,0,8
2019-03-17 10:12:56.005349,392,452,16524,0.025634765625,0.0419921875,1.010986328125,-341,91,37,-2.099236641221374,0.5038167938931297,0.3893129770992366,1.3955603061056197,-1.395720310589593,77.39,0,0,9
2019-03-17 10:12:56.040038,304,492,16548,0.020751953125,0.029296875,1.0166015625,-303,87,60,-2.2290076335877864,0.6412213740458015,0.33587786259541985,1.3373420815806472,-1.2390320229467828,77.06,0,0,9
2019-03-17 10:12:56.077355,380,480,16448,0.01806640625,0.027099609375,1.00927734375,-290,102,27,-2.0839694656488548,0.7557251908396947,0.32061068702290074,1.6953802225087513,-1.0494961205332478,77.8,0,0,10
2019-03-17 10:12:56.114681,396,760,16608,0.02099609375,0.04345703125,1.012451171875,-305,71,42,-3.900763358778626,0.7099236641221374,0.44274809160305345,1.3219487042427804,-1.436623674960267,105.68,0,0,10
2019-03-17 10:12:56.155243,400,468,16240,0.016357421875,0.028564453125,1.0,-323,86,41,-3.8625954198473282,0.7022900763358778,0.26717557251908397,1.5124934116807551,-1.2834809310751039,76.59,0,0,11
2019-03-17 10:12:56.191625,268,484,16864,0.02490234375,0.0302734375,1.01806640625,-298,73,41,-2.3282442748091605,0.5190839694656488,0.3435114503816794,1.6072405565546966,-1.4198126930227786,77.88,0,0,11
2019-03-17 10:12:56.225863,448,496,16472,0.0244140625,0.031494140625,1.02978515625,-308,107,23,-2.3435114503816794,0.5648854961832062,0.5114503816793893,1.5589828857727819,-1.0401104292141787,78.68,0,0,11
2019-03-17 10:12:56.263822,8,256,16620,0.019287109375,0.03173828125,1.01611328125,-292,95,32,-1.8778625954198473,0.6641221374045801,0.29770992366412213,0.9101843011360744,-1.2358725312905254,76.09,0,0,12
2019-03-17 10:12:56.300338,424,564,16568,0.017822265625,0.01611328125,1.015380859375,-260,95,53,-2.5801526717557253,0.5572519083969466,0.21374045801526717,1.6684760276498871,-1.1142844860494132,76.11,0,0,12
2019-03-17 10:12:56.338810,340,280,16652,0.01904296875,0.029541015625,1.014404296875,-286,97,51,-2.1297709923664123,0.6106870229007634,-1.450381679389313,2.7583968324406634,-1.8577693899410024,78.25,0,0,12
2019-03-17 10:12:56.375575,-1652,2084,18996,0.089111328125,0.02685546875,1.07080078125,-37,-754,156,1.8244274809160306,-7.183206106870229,1.83206106870229,6.121345748076396,-14.197799539447429,77.89,0,-90,13
2019-03-17 10:12:56.411345,604,-672,17256,0.0439453125,0.1044921875,1.009521484375,-206,117,111,-2.564885496183206,2.122137404580153,1.83206106870229,4.370340093545695,-2.7164149476440915,77.19,0,-90,13
2019-03-17 10:12:56.447289,-980,2948,17128,0.024169921875,-0.02587890625,0.96630859375,-165,310,367,-3.801526717557252,1.1526717557251909,0.6717557251908397,2.681029633103827,-0.39595348164290445,76.07,0,-90,13
2019-03-17 10:12:56.484525,-816,-980,16740,0.041748046875,0.069091796875,0.99169921875,-79,-238,257,-2.4732824427480917,0.6183206106870229,1.0610687022900764,1.2841715739297577,-5.4927222715628226,77.59,0,-90,14
2019-03-17 10:12:56.519559,-648,-1344,18760,0.039306640625,-0.009033203125,1.056640625,-237,702,32,-3.122137404580153,2.053435114503817,-0.9618320610687023,9.416470408522924,0.8538604116547684,77.38,0,-90,14
2019-03-17 10:12:56.555959,1540,-112,16860,-0.00537109375,-0.166015625,0.8056640625,-291,26,197,-1.984732824427481,0.8396946564885496,1.2900763358778626,-5.139690517862097,-0.8136259350895554,76.27,0,-90,15
2019-03-17 10:12:56.591746,-824,1428,16944,-0.021728515625,0.01611328125,1.041748046875,-416,598,-27,-5.450381679389313,1.6870229007633588,-0.366412213740458,-5.429185867913464,-8.657774201523704,76.77,0,-90,15
2019-03-17 10:12:56.625856,1764,-1076,13904,0.03125,0.011474609375,0.884765625,-296,136,-215,-5.0458015267175576,1.251908396946565,-1.297709923664122,5.995282041528457,1.8816965782190482,77.52,0,-90,15
2019-03-17 10:12:56.662210,-688,-756,18928,0.12109375,0.01171875,1.03173828125,-469,45,-252,-2.1374045801526718,-0.10687022900763359,1.1984732824427482,6.16534711695155,1.531214920633903,75.26,0,-90,16
2019-03-17 10:12:56.712882,-404,480,16964,0.0986328125,0.027099609375,1.014404296875,-370,-209,-203,-2.885496183206107,-1.4045801526717556,0.46564885496183206,-2.900930904450925,-6.407811406186059,75.04,0,-90,16
2019-03-17 10:12:56.748530,936,924,15680,0.01416015625,0.046142578125,0.998779296875,-348,127,-45,-2.717557251908397,1.4045801526717556,0.05343511450381679,1.1990072215018892,-2.808304257058788,72.81,0,-90,16
2019-03-17 10:12:56.784567,1340,272,15276,0.111328125,0.06005859375,0.93359375,-237,248,479,-2.83206106870229,1.3053435114503817,1.5877862595419847,-2.2126571161292112,-5.414296381928969,75.99,0,-90,17
2019-03-17 10:12:56.819494,428,-900,18564,0.09912109375,-0.0439453125,0.98974609375,-296,248,14,-4.793893129770993,0.11450381679389313,-1.9083969465648856,1.3940328285331858,-2.8334521869367135,77.19,0,-90,17
2019-03-17 10:12:56.856994,1644,1480,15324,0.010009765625,0.1591796875,1.087158203125,-545,174,205,-3.450381679389313,-1.0610687022900764,0.6641221374045801,-4.135985161323429,-2.1104337850368937,81.1,0,-90,18
2019-03-17 10:12:56.893318,1220,-848,16044,0.1123046875,-0.052490234375,0.830810546875,-189,-199,244,-0.12213740458015267,-1.3969465648854962,1.7557251908396947,-1.0919061852348753,0.9968907125850054,74.56,0,-90,18
2019-03-17 10:12:56.928376,1140,1416,20468,0.082763671875,0.25,0.6025390625,112,-256,26,-3.068702290076336,-1.7251908396946565,-1.7786259541984732,8.881445249747294,-3.6675893414645477,108.85,0,-90,19
2019-03-17 10:12:56.965798,748,452,17364,0.050537109375,0.07275390625,1.12109375,-233,70,18,-3.6030534351145036,1.3511450381679388,-1.8396946564885497,-1.6202315109054028,-5.703772266767942,101.0,0,-90,19
2019-03-17 10:12:57.002002,4,-372,17028,0.000244140625,0.081298828125,1.00048828125,-711,629,-150,-0.022900763358778626,5.908396946564886,-1.7099236641221374,2.4979665597295053,1.4981941330240176,76.58,0,0,19
2019-03-17 10:12:57.038556,-416,904,16120,-0.020263671875,0.020263671875,0.978271484375,-216,307,10,-1.3511450381679388,2.3740458015267176,0.7862595419847328,-0.6400851586415475,2.3051533487429157,111.8,0,0,20
2019-03-17 10:12:57.076618,-784,356,16408,-0.03125,0.01904296875,1.0078125,-103,-58,-213,-0.7938931297709924,0.8931297709923665,-1.4961832061068703,2.3626377085054515,1.4035570203643084,77.46,0,0,20
2019-03-17 10:12:57.112183,-692,660,16580,-0.04296875,0.043701171875,1.039306640625,-278,244,-188,-2.0381679389312977,1.549618320610687,-1.9236641221374047,0.39767123531608495,-1.2072941238818338,76.42,0,0,21
2019-03-17 10:12:57.149159,-732,-120,16256,-0.03759765625,0.01025390625,1.022705078125,-663,-14,-277,-5.732824427480916,0.7557251908396947,-2.1908396946564888,1.2611302269989642,5.438653900621362,112.44,0,0,21
2019-03-17 10:12:57.185558,-1720,652,16228,-0.089111328125,0.035400390625,0.99267578125,-21,86,-4,-0.17557251908396945,0.22137404580152673,0.3511450381679389,0.8375642515034386,1.9441297956571346,77.28,0,0,21
2019-03-17 10:12:57.220508,-800,184,16496,-0.041748046875,0.0224609375,1.02490234375,-366,51,16,-2.687022900763359,0.48854961832061067,-0.09923664122137404,0.8725041968292844,1.6341039658836136,76.91,0,0,21
2019-03-17 10:12:57.257538,-564,452,16556,-0.033447265625,0.0234375,1.01416015625,-312,85,49,-2.2900763358778624,0.3893129770992366,0.5038167938931297,1.3373939215706097,1.6776817057824933,77.34,0,0,22
2019-03-17 10:12:57.291561,-52,380,16668,-0.0107421875,0.021240234375,1.007080078125,-271,16,55,-2.1526717557251906,0.25190839694656486,0.29770992366412213,2.2520810264259827,-0.013793212246263667,78.2,0,0,22
2019-03-17 10:12:57.328524,48,380,16820,0.017333984375,0.02880859375,1.001953125,-289,23,58,-1.984732824427481,0.35877862595419846,0.5419847328244275,0.9536849610548479,-1.1530296191537412,78.12,0,0,23
2019-03-17 10:12:57.363281,308,376,16836,0.0185546875,0.029296875,1.018798828125,-273,88,150,-0.1984732824427481,0.6335877862595419,0.8625954198473282,1.3872784041174593,-0.999631635444045,76.74,0,0,23
2019-03-17 10:12:57.398374,344,460,16620,0.026611328125,0.029052734375,1.017822265625,-221,49,104,-1.6030534351145038,0.48091603053435117,0.6030534351145038,1.5136972199478298,-2.129729122734633,77.12,0,0,23
2019-03-17 10:12:57.434714,500,468,16876,0.024169921875,0.026123046875,1.02783203125,-246,98,88,-1.6717557251908397,0.6564885496183206,0.7938931297709924,1.5723027000250926,-1.7346341473157523,76.25,0,0,24
2019-03-17 10:12:57.469965,484,392,16696,0.03173828125,0.023681640625,1.009765625,-512,55,89,-1.8091603053435115,0.6412213740458015,0.5572519083969466,1.4193936307248523,-1.8443650022933238,77.04,0,0,24
2019-03-17 10:12:57.505378,708,276,16720,0.020751953125,0.025634765625,1.010986328125,-327,78,61,-2.030534351145038,0.7786259541984732,0.3282442748091603,2.145148386807686,-2.20028650882759,76.13,0,0,24
2019-03-17 10:12:57.540977,540,428,16556,0.029296875,0.021728515625,1.00732421875,-336,76,39,-2.1297709923664123,0.6335877862595419,0.35877862595419846,1.0469797855267007,-0.8846303781854445,76.57,0,0,25
2019-03-17 10:12:57.576303,312,476,16560,0.027099609375,0.02490234375,1.0029296875,-306,106,63,-2.4656488549618323,0.8549618320610687,0.1297709923664122,1.7186848060019166,-1.1511130158138274,76.6,0,0,25
2019-03-17 10:12:57.611229,364,432,16556,0.011474609375,0.022705078125,1.01025390625,-273,88,36,-2.427480916030534,0.8320610687022901,0.26717557251908397,1.4974081267971555,-0.7473862073688124,77.03,0,0,25
2019-03-17 10:12:57.647275,20,428,16532,0.014404296875,0.024169921875,1.01171875,-308,75,62,-2.2519083969465647,0.5877862595419847,0.3435114503816794,1.66755762510431,-0.3678883202410557,75.11,0,0,26
2019-03-17 10:12:57.681983,136,432,16556,0.017578125,0.029296875,1.01123046875,-289,62,43,-2.2213740458015265,0.48091603053435117,0.40458015267175573,1.62409465217371,-1.2728549381359513,76.1,0,0,26
2019-03-17 10:12:57.730036,340,436,16432,0.0126953125,0.029296875,1.020751953125,-11,103,22,-2.404580152671756,0.6259541984732825,0.31297709923664124,1.5769876442617223,-1.5041753018931894,76.23,0,0,27
2019-03-17 10:12:57.765538,444,428,16680,0.0234375,0.033447265625,1.00634765625,-313,100,37,-2.0229007633587788,0.5343511450381679,0.29770992366412213,1.5276171502745675,-1.207612167358278,85.02,0,0,27
2019-03-17 10:12:57.801280,332,284,16884,0.002685546875,0.032470703125,1.029296875,-296,101,21,-2.1526717557251906,0.6030534351145038,0.25190839694656486,1.5884558557635962,-1.6782461084293094,85.87,0,0,27
2019-03-17 10:12:57.837421,340,360,16552,0.030029296875,0.029541015625,1.000244140625,-332,99,37,-2.33587786259542,0.5801526717557252,0.3435114503816794,1.2795993543956914,-1.1014484387834118,77.45,0,0,28
2019-03-17 10:12:57.873049,328,492,16384,0.01806640625,0.02734375,1.001708984375,-314,98,72,-2.068702290076336,0.6717557251908397,0.17557251908396945,1.5076955251661248,-0.9584900395245667,76.16,0,0,28
2019-03-17 10:12:57.908090,232,724,16520,0.01953125,0.023193359375,1.0283203125,-265,89,31,-2.3053435114503817,0.6946564885496184,0.2900763358778626,1.4000657971646862,-1.2003739179387316,77.0,0,0,28
2019-03-17 10:12:57.944214,28,424,16668,0.02734375,0.0166015625,1.017333984375,-322,101,49,-2.3969465648854964,0.6030534351145038,0.3282442748091603,2.2449928488801243,-1.1941146762279315,75.75,0,0,29
2019-03-17 10:12:57.978959,260,628,16572,0.02294921875,0.027587890625,1.013916015625,-258,93,24,-2.5343511450381677,0.9694656488549618,0.31297709923664124,2.0401185865951392,-2.156912069539559,76.53,0,0,29
2019-03-17 10:12:58.014287,300,484,16892,0.014892578125,0.026611328125,1.003662109375,-268,92,30,-2.2748091603053435,0.6717557251908397,0.48091603053435117,2.5296910546858697,-0.8883336477617744,76.62,0,0,29
2019-03-17 10:12:58.051112,332,444,16468,0.019775390625,0.032958984375,1.01025390625,-289,87,24,-2.404580152671756,0.6717557251908397,0.44274809160305345,1.4267879886595851,-0.9907790401392867,76.54,0,0,30
2019-03-17 10:12:58.085270,288,448,16480,0.0224609375,0.029296875,1.02783203125,-280,97,18,-2.3053435114503817,0.6870229007633588,0.32061068702290074,1.4172831866810494,-1.4264526546234593,77.85,0,0,30
2019-03-17 10:12:58.121144,360,760,16576,0.024658203125,0.0244140625,1.02783203125,-329,73,65,-2.122137404580153,0.5648854961832062,0.2824427480916031,1.5716197033492671,-0.8978866013579773,77.48,0,0,31
2019-03-17 10:12:58.157296,336,432,16616,0.001708984375,0.030517578125,1.017578125,-276,110,37,-2.2442748091603053,0.6259541984732825,0.3511450381679389,0.902874620150795,-1.3824392746664702,76.56,0,0,31
2019-03-17 10:12:58.192661,356,400,16608,0.0234375,0.0283203125,1.007080078125,-287,98,36,-2.4198473282442747,0.5877862595419847,0.22137404580152673,0.9294859264424075,-0.8953401624554373,76.22,0,0,31
2019-03-17 10:12:58.229248,344,320,16796,0.021484375,0.02587890625,1.014404296875,-263,80,46,-2.50381679389313,0.8549618320610687,0.3969465648854962,1.5999488138723346,-1.715220856635047,74.83,0,0,32
2019-03-17 10:12:58.263921,260,684,16668,0.02001953125,0.027099609375,1.029052734375,-492,89,35,-3.854961832061069,0.6412213740458015,0.40458015267175573,1.777152988253151,-1.0383364224951082,93.83,0,0,32
2019-03-17 10:12:58.300247,276,408,16824,0.018798828125,0.02685546875,1.027587890625,-290,83,31,-2.3053435114503817,0.6870229007633588,0.32061068702290074,1.6901577785939987,-1.0408042339411898,77.5,0,0,33
2019-03-17 10:12:58.336533,256,448,16640,0.02392578125,0.030517578125,1.00439453125,-295,85,36,-2.480916030534351,0.732824427480916,0.3511450381679389,1.6061352333713563,-1.0636965964009168,77.05,0,0,33
2019-03-17 10:12:58.370641,264,432,16688,0.020751953125,0.025634765625,1.02783203125,-326,96,24,-2.1526717557251906,0.8015267175572519,0.35877862595419846,1.6314807137776202,-1.6868345233705107,77.4,0,0,33
2019-03-17 10:12:58.406708,320,420,16784,0.014892578125,0.027099609375,1.010009765625,-372,89,39,-1.9618320610687023,0.8320610687022901,0.44274809160305345,1.7025779503645861,-1.4033133707705583,76.56,0,0,34
2019-03-17 10:12:58.442044,496,396,16540,0.019287109375,0.024658203125,1.02001953125,-284,99,47,-2.4580152671755724,0.6564885496183206,0.2595419847328244,1.9780836566025384,-1.061397969188953,77.07,0,0,34
2019-03-17 10:12:58.477885,276,444,16484,0.018798828125,0.02880859375,1.0087890625,-286,95,69,-2.2213740458015265,0.7633587786259542,0.29770992366412213,1.5325017526387714,-1.3524892998885154,76.16,0,0,35
2019-03-17 10:12:58.514421,92,520,16828,0.0234375,0.021484375,1.008544921875,-304,75,42,-2.213740458015267,0.732824427480916,0.48091603053435117,1.8252420957557243,-1.084425952036743,77.91,0,0,35
2019-03-17 10:12:58.548607,264,408,16400,0.01806640625,0.026611328125,1.01513671875,-275,103,36,-2.5267175572519083,0.6641221374045801,0.22900763358778625,1.4380687088549122,-0.01373547379138679,76.16,0,0,35
2019-03-17 10:12:58.584835,248,440,16568,0.019775390625,0.02978515625,1.012939453125,-274,107,7,-2.3053435114503817,0.7938931297709924,0.17557251908396945,0.3376541794880258,0.5545368648172629,77.81,0,0,36
2019-03-17 10:12:58.622358,1228,808,17504,0.021240234375,0.010986328125,1.112548828125,-386,188,190,-3.3435114503816794,0.9847328244274809,-0.1984732824427481,3.4258564190205525,-1.8943506660815992,76.02,0,-90,36
2019-03-17 10:12:58.657356,-1320,-4012,21684,0.38916015625,0.404052734375,1.65576171875,1131,-1018,-162,1.0687022900763359,-17.83206106870229,-3.633587786259542,7.588505731528762,-28.640037387072212,76.68,0,-90,36
2019-03-17 10:12:58.696186,1140,1512,15436,-0.040283203125,0.071533203125,1.093505859375,-1865,1301,128,-2.49618320610687,9.694656488549619,-1.5114503816793894,-5.623051357343644,-0.8124318338629636,78.02,0,-90,37
2019-03-17 10:12:58.743729,-188,-2368,18720,0.103271484375,-0.12109375,0.872802734375,-192,-554,56,-1.381679389312977,-7.732824427480916,-0.7404580152671756,2.1228304763597734,-4.19976628610047,77.86,0,-90,37
2019-03-17 10:12:58.778993,-160,-1372,16560,0.10595703125,0.046875,1.058837890625,-351,70,-155,-2.099236641221374,2.6259541984732824,1.5801526717557253,-3.3268332444313855,-5.144180067650419,88.38,0,-90,37
2019-03-17 10:12:58.817211,1580,516,17908,0.02001953125,-0.016845703125,0.931884765625,6,236,-24,0.0916030534351145,-0.5267175572519084,0.4198473282442748,-2.385735322785087,-2.424443400025503,78.09,0,-90,38
2019-03-17 10:12:58.851477,1200,464,15936,0.025390625,0.1474609375,1.11865234375,-336,-232,-13,-0.22137404580152673,0.09923664122137404,0.24427480916030533,-2.515043660077323,-2.1660600168834625,79.18,0,-90,38
2019-03-17 10:12:58.887542,1272,172,15852,-0.02734375,0.099365234375,1.048095703125,-500,-49,-202,0.061068702290076333,-0.8778625954198473,1.900763358778626,-2.8395262764629616,-7.344474199732486,80.29,0,-90,39
2019-03-17 10:12:58.923954,1036,-724,14548,0.0810546875,-0.096435546875,0.757080078125,-560,309,122,-1.1984732824427482,3.900763358778626,2.7938931297709924,-0.9280999806841265,-1.411534009716263,78.52,0,-90,39
2019-03-17 10:12:58.958541,336,-164,14780,0.05712890625,-0.00439453125,1.012939453125,-420,163,-247,-3.450381679389313,-1.1603053435114503,-3.3893129770992365,4.673932867703713,-0.521458202001696,82.31,0,-90,39
2019-03-17 10:12:58.995625,1280,-400,17364,0.06103515625,-0.014404296875,0.901611328125,-361,450,-362,-2.618320610687023,-0.366412213740458,-3.572519083969466,2.5992139706430355,-1.88408335079469,80.96,0,-90,40
2019-03-17 10:12:59.031804,364,-1692,19828,0.14404296875,-0.074462890625,0.899658203125,-313,82,-6,-3.1526717557251906,1.251908396946565,0.6717557251908397,-2.327356205461426,2.7789982385335974,79.85,0,-90,40
2019-03-17 10:12:59.067649,2140,1064,15208,0.03515625,-0.08154296875,1.053955078125,-173,198,107,-5.175572519083969,3.6259541984732824,1.282442748091603,1.6627804775675707,-5.161352780623232,82.24,0,-90,40
2019-03-17 10:12:59.104997,76,1348,14976,0.0615234375,-0.03955078125,1.154296875,-81,-24,75,1.3129770992366412,0.061068702290076333,1.2213740458015268,2.788768232931518,2.082093459759239,82.06,0,-90,41
2019-03-17 10:12:59.140893,772,192,13816,0.045166015625,-0.0029296875,1.052001953125,-199,308,-209,-2.633587786259542,0.6870229007633588,-1.4198473282442747,-3.366875179385509,-4.773811902902708,82.76,0,-90,41
2019-03-17 10:12:59.177870,1080,-932,15056,0.031005859375,0.074951171875,0.9990234375,-387,309,-470,-0.8015267175572519,3.717557251908397,-2.6717557251908395,2.0493093397169244,-1.8762828967568352,84.46,0,-90,42
2019-03-17 10:12:59.214540,1296,1900,20040,0.0244140625,0.048828125,0.887939453125,-169,-180,77,-2.0,-1.6259541984732824,-0.7862595419847328,-2.9341365074833674,-3.4789787650303614,84.01,0,-90,42
2019-03-17 10:12:59.250222,840,-1284,20636,0.025146484375,-0.036376953125,0.890869140625,113,126,173,0.6870229007633588,1.6106870229007633,-1.900763358778626,7.735598519246884,0.39595288322081257,86.61,0,-90,42
2019-03-17 10:12:59.286843,-900,-1508,17496,-0.078125,-0.0712890625,1.309326171875,-88,-148,-70,-3.801526717557252,1.9389312977099236,-1.1068702290076335,-1.4144171447074978,5.042770486242476,123.08,0,-90,43
2019-03-17 10:12:59.329089,-1528,-2608,23980,0.229736328125,-0.211669921875,1.45458984375,-1076,993,-582,-4.916030534351145,0.022900763358778626,-4.251908396946565,4.1113289547563,-2.4669647088057993,123.24,0,-90,43
2019-03-17 10:12:59.369472,-1232,688,16540,-0.071533203125,0.002685546875,1.01953125,-81,612,-289,-5.404580152671755,4.0,-2.9389312977099236,0.22649648248645296,0.046168224648685675,91.66,0,0,44
2019-03-17 10:12:59.406269,-548,852,16324,-0.023193359375,0.061279296875,1.05517578125,-417,-105,-289,-2.946564885496183,-0.8931297709923665,-2.1755725190839694,1.7949654435622746,2.2600943020028677,123.89,0,0,44
2019-03-17 10:12:59.445659,-1116,320,18924,-0.072265625,0.0302734375,1.032958984375,-302,235,163,-2.3893129770992365,2.381679389312977,-0.6717557251908397,3.436760271047801,11.837287239640371,89.38,0,0,45
2019-03-17 10:12:59.482588,-1372,1176,17416,0.004638671875,0.08349609375,0.85546875,-54,-248,144,-2.6793893129770994,-3.7709923664122136,1.5267175572519085,0.013536135845273863,4.946947497295162,113.63,0,0,45
2019-03-17 10:12:59.519075,-424,-464,17932,-0.01220703125,0.05517578125,0.9755859375,-302,-296,-72,-0.29770992366412213,-0.8549618320610687,-0.05343511450381679,1.0601604339423027,2.491744392766817,126.31,0,0,45
2019-03-17 10:12:59.558695,-540,56,16628,-0.0478515625,0.030517578125,1.013671875,-334,317,-272,-2.4427480916030535,1.8931297709923665,-1.618320610687023,1.8787497820526733,0.5869104324486978,91.73,0,0,46
2019-03-17 10:12:59.594700,-396,300,16364,-0.026123046875,0.00927734375,1.010009765625,-403,54,-100,-2.5572519083969465,0.7786259541984732,-1.0458015267175573,1.3458414614977243,2.3079543056968985,110.15,0,0,46
2019-03-17 10:12:59.632230,-628,316,16724,-0.04052734375,0.018798828125,1.021240234375,-235,201,-67,-2.2595419847328246,1.4351145038167938,-0.42748091603053434,1.1052341477974799,3.252624557938986,113.89,0,0,46
2019-03-17 10:12:59.671387,-1232,992,16656,-0.082275390625,0.04052734375,1.034423828125,-199,221,192,-3.8396946564885495,1.534351145038168,1.6412213740458015,0.8283972113014202,6.442116389468261,112.67,0,0,47
2019-03-17 10:12:59.708703,-860,220,17112,-0.055419921875,0.011474609375,1.047119140625,-310,-61,54,-2.816793893129771,0.6183206106870229,0.2366412213740458,1.3145690554079876,1.3683537962575707,113.21,0,0,47
2019-03-17 10:12:59.761966,-608,512,16508,-0.041748046875,0.03125,0.990478515625,-293,21,10,-0.16030534351145037,0.0,0.19083969465648856,1.6457519490701829,1.6472836058050517,92.19,0,0,48
2019-03-17 10:12:59.798450,-184,248,16584,-0.01025390625,0.02490234375,1.02734375,-313,-253,4,-2.3435114503816794,-0.04580152671755725,0.21374045801526717,1.6170539371804173,-0.12344081779360057,114.42,0,0,48
2019-03-17 10:12:59.834845,188,544,16408,0.01953125,0.031005859375,1.00537109375,-323,37,87,-2.282442748091603,0.40458015267175573,0.9007633587786259,2.567247129084592,-1.1025287224263978,114.81,0,0,48
2019-03-17 10:12:59.874779,108,384,16232,0.015625,0.0302734375,1.01953125,-488,-68,166,-3.885496183206107,-0.4351145038167939,1.2366412213740459,1.9634521763805346,-1.1766511728768032,113.9,0,0,49
2019-03-17 10:12:59.913409,464,440,16432,0.0234375,0.040283203125,1.02197265625,-303,82,101,-2.122137404580153,0.8396946564885496,0.6106870229007634,1.4368993237215684,-1.5056940234307268,115.58,0,0,49
2019-03-17 10:12:59.950506,740,484,16500,0.02978515625,0.02734375,1.013427734375,-271,95,34,-2.5343511450381677,0.4961832061068702,0.2900763358778626,1.1935337272654902,-1.0897703862146502,111.14,0,0,49
2019-03-17 10:12:59.988187,712,276,16544,0.030029296875,0.025390625,1.025146484375,-314,114,45,-3.9083969465648853,0.7480916030534351,0.20610687022900764,1.5765960859729546,-1.6769883133867736,112.63,0,0,50
2019-03-17 10:13:00.025278,492,548,16572,0.029541015625,0.027587890625,1.01953125,-279,92,46,-2.183206106870229,0.6793893129770993,0.40458015267175573,1.399450050647553,-1.538336065946696,92.78,0,0,50
2019-03-17 10:13:00.061022,292,316,16568,0.017333984375,0.03173828125,1.0,-277,94,72,-0.183206106870229,0.8473282442748091,0.4351145038167939,1.1585111924259335,-1.4790490993853491,115.56,0,0,50
2019-03-17 10:13:00.099574,188,304,16568,0.012939453125,0.019775390625,1.017333984375,-511,95,33,-2.2977099236641223,0.6183206106870229,0.061068702290076333,1.99128766842498,-0.5950017861540814,113.06,0,0,51
2019-03-17 10:13:00.136152,208,444,16756,0.011962890625,0.02783203125,1.01513671875,-292,87,66,-2.954198473282443,0.5954198473282443,0.11450381679389313,1.618374666471984,-0.6965165712449626,115.46,0,0,51
2019-03-17 10:13:00.175652,488,556,16860,0.01123046875,0.033447265625,1.001953125,-325,103,52,-2.1755725190839694,0.5572519083969466,0.3969465648854962,1.5095931630841413,-0.8435585102615962,112.51,0,0,52
2019-03-17 10:13:00.213348,444,524,16488,0.01953125,0.023193359375,1.0146484375,-282,103,34,-2.3969465648854964,0.6717557251908397,0.3435114503816794,1.1431767575152503,-0.6893459940603841,116.36,0,0,52
2019-03-17 10:13:00.249971,304,392,16420,0.015380859375,0.0244140625,1.016357421875,-334,118,26,-3.9083969465648853,0.7251908396946565,0.33587786259541985,0.951767838815592,-0.7709662491249658,100.81,0,0,52
2019-03-17 10:13:00.287008,160,456,16628,0.001220703125,0.027099609375,1.01171875,-291,73,45,-2.366412213740458,0.8396946564885496,0.25190839694656486,1.612083698036653,-0.7615928679017184,114.29,0,0,53
2019-03-17 10:13:00.324260,252,468,16416,0.01318359375,0.01611328125,1.008544921875,-301,84,36,-2.213740458015267,0.8244274809160306,0.3435114503816794,0.8889688543740202,-1.5423580638443477,97.02,0,0,53
2019-03-17 10:13:00.360162,300,288,16816,0.01123046875,0.027587890625,1.029296875,-336,85,57,-2.633587786259542,0.5801526717557252,0.33587786259541985,1.7006503716045906,-0.922303254881802,114.22,0,0,53
2019-03-17 10:13:00.399707,460,472,16588,0.0166015625,0.02880859375,1.013671875,-317,93,32,-2.16793893129771,0.7633587786259542,0.35877862595419846,1.839742901382853,-0.8261616250715401,113.76,0,0,54
2019-03-17 10:13:00.435806,276,472,16632,0.00244140625,0.03125,1.01318359375,-9,91,58,-2.1068702290076335,0.6946564885496184,0.20610687022900764,2.532922185613844,-0.111425919477618,114.69,0,0,54
2019-03-17 10:13:00.475750,308,508,16604,0.015380859375,0.0283203125,1.014404296875,-511,116,21,-3.8931297709923665,0.7099236641221374,0.2366412213740458,2.298445270232151,-0.9504937711729646,110.73,0,0,55
2019-03-17 10:13:00.513510,276,528,16524,0.01611328125,0.04296875,1.014892578125,-306,92,53,-2.4656488549618323,0.6335877862595419,0.26717557251908397,1.7877284118074561,-0.3886143269212076,113.87,0,0,55
2019-03-17 10:13:00.550828,172,744,16632,0.000732421875,0.03271484375,1.028076171875,-311,83,50,-2.381679389312977,0.5114503816793893,0.4580152671755725,1.4038903505465883,-0.9247848619047954,93.17,0,0,55
2019-03-17 10:13:00.587872,76,472,16852,0.01513671875,0.01611328125,1.01611328125,-354,81,29,-2.5877862595419847,0.5725190839694656,0.29770992366412213,1.7310886880414063,-0.5038869829012221,114.72,0,0,56
2019-03-17 10:13:00.624405,44,384,16572,0.01708984375,0.042724609375,1.00048828125,-343,101,47,-1.9694656488549618,0.7786259541984732,0.4961832061068702,1.5057958913694556,-1.033219375092636,113.44,0,0,56
2019-03-17 10:13:00.661332,224,260,16412,0.01513671875,0.026611328125,1.0146484375,-273,110,61,-1.5648854961832062,1.282442748091603,0.9389312977099237,6.856638759569174,-6.48705786778696,113.89,0,0,56
2019-03-17 10:13:00.702705,608,272,16664,0.059326171875,0.028564453125,1.194091796875,-295,129,388,-3.7786259541984735,3.404580152671756,2.83206106870229,-4.401583001502163,-1.5281555928769424,109.88,0,-90,57
2019-03-17 10:13:00.754471,6820,100,13120,0.26953125,0.025390625,0.572021484375,-102,487,61,1.5114503816793894,12.80916030534351,-0.5038167938931297,1.0702697893858837,-0.07278076556437434,129.87,0,-90,57
2019-03-17 10:13:00.795304,-20,-188,16824,-0.01171875,0.09423828125,0.89453125,-497,828,161,-1.916030534351145,6.4961832061068705,0.8091603053435115,-5.387512481343275,-7.040920037793997,117.13,0,-90,58
2019-03-17 10:13:00.833372,1144,100,18520,-0.00537109375,-0.109375,0.83154296875,-374,-1011,35,1.1755725190839694,-6.9465648854961835,1.1755725190839694,0.09182427236632906,-4.7643436280871265,129.92,0,-90,58
2019-03-17 10:13:00.871700,2440,2188,17452,0.06005859375,0.00390625,0.979736328125,-125,401,-58,-0.7938931297709924,3.519083969465649,-2.6106870229007635,5.2235197842293735,-4.88372560806733,101.05,0,-90,58
2019-03-17 10:13:00.909804,2064,1860,16508,0.040283203125,0.05419921875,1.054443359375,-686,491,22,-3.068702290076336,-1.7404580152671756,1.6412213740458015,7.915148460853274,-1.2651358134575272,102.84,0,-90,59
2019-03-17 10:13:00.945941,688,904,13864,-0.01220703125,0.11669921875,0.812255859375,-331,-394,-135,-0.7709923664122137,-0.8931297709923665,-3.717557251908397,18.220631460155037,-2.3801000494515465,121.16,0,-90,59
2019-03-17 10:13:00.984937,600,-908,18540,0.006103515625,-0.0595703125,1.0771484375,-461,74,208,1.2900763358778626,-0.32061068702290074,1.4885496183206106,0.03671999805934599,-8.131563650618055,119.96,0,-90,60
2019-03-17 10:13:01.027761,776,1148,17132,0.090087890625,-0.044189453125,1.09716796875,182,-27,-88,0.29770992366412213,-1.8778625954198473,-0.7557251908396947,7.725160539275356,-14.66921434700445,132.81,0,-90,60
2019-03-17 10:13:01.065905,632,3496,22548,-0.006591796875,0.068115234375,0.7802734375,128,-240,245,3.5877862595419847,-1.8625954198473282,-2.6259541984732824,6.448285176197958,0.8967784994809509,134.46,0,-90,60
2019-03-17 10:13:01.105147,208,1996,13224,0.168701171875,0.19775390625,0.822265625,-8,169,-279,1.0229007633587786,0.0,0.4351145038167939,1.6305356222277059,4.729732442274171,134.76,0,-90,61
2019-03-17 10:13:01.144084,2308,-264,15020,0.135986328125,0.143798828125,0.884521484375,-484,60,-523,-4.9541984732824424,1.3893129770992367,-0.3816793893129771,-2.4493241883499186,1.5374435127919635,134.77,0,-90,61
2019-03-17 10:13:01.182333,-964,-308,15004,-0.009033203125,0.14306640625,1.100341796875,-299,423,-55,-2.3587786259541983,1.1755725190839694,-1.465648854961832,1.3831336262538159,-3.190456174518392,111.51,0,-90,61
2019-03-17 10:13:01.221434,536,-844,19736,0.115234375,-0.02294921875,1.352294921875,-141,-390,-65,-2.4198473282442747,1.7786259541984732,-1.0229007633587786,1.9698981672399232,-4.85418417289804,124.69,0,-90,62
2019-03-17 10:13:01.260017,924,-3320,21636,0.065185546875,0.10498046875,0.99658203125,-455,-265,-830,-5.938931297709924,-0.7633587786259542,-5.465648854961832,-5.716822846817341,-3.214741047487674,137.23,0,-90,62
2019-03-17 10:13:01.298315,1968,-3076,18236,0.14501953125,-0.22802734375,0.991455078125,-1059,672,-246,-3.015267175572519,4.679389312977099,2.49618320610687,-10.162847742202922,2.14667494305731,140.11,0,-90,62
2019-03-17 10:13:01.338616,172,1964,13520,0.086669921875,0.192626953125,0.7958984375,-668,600,-453,0.6641221374045801,1.1526717557251909,0.3053435114503817,8.871716384085383,-12.546387502047745,127.89,0,-90,63
2019-03-17 10:13:01.377365,1512,-1648,9424,0.217529296875,0.185546875,0.76953125,-423,168,-404,-3.6030534351145036,1.7251908396946565,-6.458015267175573,7.666578676067355,-3.6819422009613647,141.98,0,-90,63
2019-03-17 10:13:01.415865,1544,-88,13680,0.201904296875,0.135498046875,0.938232421875,-246,493,-335,-3.5877862595419847,3.015267175572519,-3.1755725190839694,-2.1090795642659512,-3.898830012573006,144.02,0,-90,63
2019-03-17 10:13:01.456367,1916,-372,16472,0.141845703125,-0.080322265625,0.912353515625,-936,163,417,-2.0229007633587788,1.3053435114503817,3.50381679389313,1.7402478779846489,-0.14660820433445726,144.09,0,-90,64
2019-03-17 10:13:01.495383,688,852,17120,0.04638671875,-0.067138671875,1.01904296875,374,460,-20,-3.427480916030534,1.5038167938931297,-3.885496183206107,5.7615591193253,5.036133770622257,119.91,0,-90,64
2019-03-17 10:13:01.534737,-664,844,13628,0.021728515625,0.069580078125,0.916259765625,-881,370,-503,-5.259541984732825,1.5038167938931297,-5.091603053435114,-4.036695532742356,-1.6846661130078466,126.35,0,-90,65
2019-03-17 10:13:01.573656,1232,-1032,18440,0.030517578125,-0.025146484375,0.91455078125,-15,-134,51,-2.717557251908397,0.7404580152671756,-1.0076335877862594,0.016628017234201525,-5.743674758385096,147.93,0,-90,65
2019-03-17 10:13:01.613643,736,-136,21320,0.04541015625,0.139404296875,0.825927734375,-628,-2,-28,-3.687022900763359,1.6793893129770991,-2.7251908396946565,7.471577912711821,-2.9918044334590363,150.19,0,-90,66
2019-03-17 10:13:01.654495,348,3096,19416,0.040771484375,0.180908203125,0.85009765625,-284,-173,-274,-3.717557251908397,1.4198473282442747,-0.9389312977099237,-1.8867030297517653,-2.2198832527178975,152.63,0,-90,66
2019-03-17 10:13:01.693624,-164,-1136,18040,0.0302734375,0.05322265625,1.303955078125,-1198,-181,-535,-2.6717557251908395,-1.8931297709923665,-3.9083969465648853,0.5068156543173395,-1.8734320338619432,139.55,0,-90,66
2019-03-17 10:13:01.734729,3548,1932,21532,0.12255859375,0.03076171875,0.758544921875,213,-198,239,3.2748091603053435,-2.6259541984732824,0.732824427480916,-0.5505694249196783,1.1203093829455835,157.17,0,-90,67
2019-03-17 10:13:01.788082,2720,-120,15720,0.036865234375,0.01416015625,1.33447265625,-524,-168,40,-0.31297709923664124,0.8473282442748091,-1.213740458015267,1.9636062606529112,-6.659914309816852,131.99,0,-90,67
2019-03-17 10:13:01.828368,-1796,-2764,15712,-0.110107421875,-0.056884765625,1.228759765625,-265,222,-1071,-3.5267175572519083,-0.3511450381679389,-7.9465648854961835,-11.567756418672786,-4.662931369018064,159.09,0,-90,68
2019-03-17 10:13:01.868857,308,-2532,20672,0.096923828125,-0.000244140625,1.10986328125,-315,162,66,-3.1297709923664123,0.12213740458015267,1.1221374045801527,-8.058144504933864,0.6080922807591971,135.56,0,-90,68
2019-03-17 10:13:01.908084,948,-1332,15872,-0.046142578125,0.133056640625,0.983642578125,-265,347,-98,-2.435114503816794,7.351145038167939,0.6717557251908397,2.189044470189708,-4.836211447634727,161.85,0,-90,68
2019-03-17 10:13:01.951221,1676,-1332,7372,0.207275390625,0.02197265625,1.335693359375,-226,-55,-300,-7.732824427480916,2.572519083969466,-2.900763358778626,2.838556698056272,-1.6873417429968156,165.11,0,-90,69
2019-03-17 10:13:01.991910,-20,1588,6288,-0.10595703125,0.0234375,0.656494140625,-776,177,-348,-0.007633587786259542,-1.9389312977099236,-5.442748091603053,2.643992447804414,-1.5550256309179118,139.08,0,-90,69
2019-03-17 10:13:02.033977,968,3068,18812,-0.0048828125,-0.026611328125,1.0537109375,-977,702,-202,-5.0,5.709923664122138,-1.3358778625954197,0.6501567713846906,1.8066614888448584,139.27,0,0,70
2019-03-17 10:13:02.072906,-612,-156,16624,-0.0751953125,0.050048828125,1.0,-182,102,-67,-2.66412213740458,-0.6183206106870229,-0.25190839694656486,2.34971005583105,1.417326103084119,171.62,0,0,70
2019-03-17 10:13:02.114742,-3112,1136,19452,-0.308349609375,0.083740234375,0.93701171875,-518,-101,-634,-2.946564885496183,0.015267175572519083,-5.083969465648855,0.4264875091894226,10.585901170730839,170.64,0,0,71
2019-03-17 10:13:02.156940,-264,1212,12408,0.005126953125,0.092529296875,1.0048828125,-1231,-80,-667,-8.427480916030534,0.732824427480916,-5.603053435114504,0.6012770984665207,-1.0334163815291242,173.91,0,0,71
2019-03-17 10:13:02.197741,-744,-396,15732,-0.04638671875,0.0634765625,1.045654296875,-225,467,-125,-3.1297709923664123,3.4580152671755724,1.015267175572519,3.459903600725975,3.318700409492969,173.09,0,0,71
2019-03-17 10:13:02.240341,-1780,1384,18872,-0.05224609375,0.043212890625,1.080322265625,-601,111,-442,-3.8702290076335877,0.7709923664122137,-4.305343511450381,-0.8604844663412768,-0.40870838851120017,175.67,0,0,72
2019-03-17 10:13:02.282209,-1264,1104,16620,-0.016845703125,0.05078125,1.0576171875,-65,-330,-477,0.8931297709923665,-2.7557251908396947,-1.1221374045801527,5.05057202301337,3.511918387163847,176.79,0,0,72
2019-03-17 10:13:02.323955,-732,28,18120,-0.04931640625,-0.045166015625,1.0498046875,-262,-97,-63,-0.7862595419847328,1.1755725190839694,-1.4809160305343512,0.8555606716366383,11.300486953318725,177.89,0,0,72
2019-03-17 10:13:02.367698,448,596,17220,-0.088623046875,0.040771484375,0.979736328125,-27,-71,-190,-3.1755725190839694,-2.2442748091603053,-1.1068702290076335,1.6715904423618217,4.569158414870513,181.69,0,0,73
2019-03-17 10:13:02.409375,-716,604,16948,-0.0390625,0.013427734375,1.042724609375,-26,163,-460,-2.2977099236641223,1.1450381679389312,-2.9160305343511452,1.2191495722671675,1.0913116536606646,156.27,0,0,73
2019-03-17 10:13:02.450481,-160,152,17216,-0.046630859375,0.041259765625,0.974365234375,-353,107,38,-2.885496183206107,0.8396946564885496,0.648854961832061,1.9390249810947955,4.7856772015770455,156.08,0,0,74
2019-03-17 10:13:02.490303,-1376,140,18096,-0.078369140625,0.0458984375,1.092041015625,-456,107,-68,-3.549618320610687,1.8931297709923665,-0.6259541984732825,2.2252844523692725,1.8948544950465833,162.18,0,0,74
2019-03-17 10:13:02.531843,-1220,300,16476,-0.034423828125,0.029296875,1.03125,-231,-236,-105,-0.40458015267175573,0.22137404580152673,-0.4351145038167939,0.7615276022025503,2.835780664580169,154.43,0,0,75
2019-03-17 10:13:02.573384,-1184,480,16512,-0.077392578125,0.042236328125,1.0068359375,-345,95,45,-1.9465648854961832,0.8778625954198473,0.15267175572519084,1.4113746059960666,3.9756850977769136,181.53,0,0,75
2019-03-17 10:13:02.615963,-788,584,16700,-0.060546875,0.03466796875,1.029296875,-321,96,-84,-2.4427480916030535,0.8854961832061069,-0.7557251908396947,1.1733591516475832,2.5509563610451544,154.69,0,0,76
2019-03-17 10:13:02.656649,-864,504,16788,-0.05322265625,0.0166015625,1.01416015625,-277,79,90,-2.633587786259542,0.42748091603053434,0.648854961832061,1.3043679579088059,2.3961181409762395,155.56,0,0,76
2019-03-17 10:13:02.698215,-172,492,16556,-0.006591796875,0.0224609375,1.00537109375,-30,-117,85,-2.7022900763358777,-1.5801526717557253,0.3969465648854962,1.7990491438949174,-0.45939638507458885,153.72,0,0,77
2019-03-17 10:13:02.738982,304,596,16556,0.029052734375,0.038330078125,1.027587890625,-133,58,164,-1.297709923664122,1.0229007633587786,1.2900763358778626,1.5767853412069224,-1.2661014586618267,181.94,0,0,77
2019-03-17 10:13:02.793887,264,444,16484,0.03125,0.02978515625,1.010986328125,-206,22,93,-1.5572519083969465,0.3893129770992366,0.5648854961832062,1.6971464692520268,-2.109564792195945,154.52,0,0,78
2019-03-17 10:13:02.834348,624,328,16864,0.0361328125,0.02392578125,1.001220703125,-25,104,47,-2.0839694656488548,0.7786259541984732,0.4961832061068702,1.3063463973620173,-2.524877266512959,180.39,0,0,78
2019-03-17 10:13:02.876692,532,280,16548,0.03466796875,0.04443359375,1.02587890625,-282,97,69,-2.1297709923664123,0.732824427480916,0.4732824427480916,1.567004137769486,-1.860265831369159,183.48,0,0,79
2019-03-17 10:13:02.919222,752,528,16448,0.01611328125,0.025390625,1.010498046875,-301,99,41,-2.801526717557252,0.6946564885496184,0.33587786259541985,1.9231038192287573,-1.3878722695381764,154.43,0,0,79
2019-03-17 10:13:02.960234,416,300,16528,0.01708984375,0.043212890625,1.002197265625,-330,97,50,-2.3587786259541983,0.5877862595419847,0.46564885496183206,1.800326998329941,-0.9463191510185327,157.89,0,0,80
2019-03-17 10:13:03.001568,208,468,16616,0.012451171875,0.03271484375,1.003662109375,-313,138,28,-0.3816793893129771,0.7251908396946565,0.2748091603053435,1.622511511402065,-0.6922014725984595,159.53,0,0,80
2019-03-17 10:13:03.042287,304,280,16724,0.0283203125,0.031494140625,1.013427734375,-40,65,13,-2.1755725190839694,0.6030534351145038,0.3053435114503817,2.1469231058878733,-1.734551171561104,183.05,0,0,81
2019-03-17 10:13:03.085744,380,264,16648,0.01953125,0.035400390625,1.015380859375,-368,100,8,-2.351145038167939,0.732824427480916,0.31297709923664124,1.4116321197755437,-1.2773402617204686,154.0,0,0,81
2019-03-17 10:13:03.125930,436,488,16564,0.022216796875,0.031005859375,1.002685546875,-302,117,58,-2.122137404580153,0.7099236641221374,0.32061068702290074,1.5826333946269897,-1.6094780548213836,182.56,0,0,81
2019-03-17 10:13:03.169754,336,568,16440,0.017333984375,0.0341796875,1.0087890625,-279,59,59,-2.3206106870229006,0.6717557251908397,0.183206106870229,0.9144094919507868,-0.04178505027569672,153.97,0,0,82
2019-03-17 10:13:03.209461,244,476,16636,0.03076171875,0.029052734375,1.012939453125,-288,83,41,-2.435114503816794,0.5648854961832062,0.2824427480916031,0.9834974024881407,-1.048716976831257,181.79,0,0,82
2019-03-17 10:13:03.253798,348,392,16624,0.018310546875,0.01708984375,1.007568359375,-331,84,9,-2.1908396946564888,0.5801526717557252,0.26717557251908397,2.5014484135711217,-1.2128860736818246,159.21,0,0,83
2019-03-17 10:13:03.294183,348,256,16608,0.0234375,0.030517578125,1.02197265625,-276,75,45,-2.3053435114503817,0.5343511450381679,0.366412213740458,1.7380299414621438,-1.1959360253278748,155.28,0,0,83
2019-03-17 10:13:03.334442,376,440,16636,0.018798828125,0.024658203125,1.02099609375,-369,97,59,-2.549618320610687,0.6183206106870229,0.2366412213740458,2.6090830142358827,-1.1587288793155337,154.02,0,0,83
2019-03-17 10:13:03.375923,328,272,16520,0.03076171875,0.02978515625,1.01025390625,-306,107,46,-2.16793893129771,0.6030534351145038,0.22900763358778625,1.9925614089189896,-0.9777804439126063,153.16,0,0,84
2019-03-17 10:13:03.414999,384,264,16552,0.0224609375,0.032470703125,1.0126953125,-306,76,27,-2.519083969465649,0.648854961832061,0.3282442748091603,1.6856498894054663,-1.0111315739041908,180.46,0,0,84
2019-03-17 10:13:03.458664,304,404,16436,0.018310546875,0.027099609375,1.012451171875,-494,87,40,-2.068702290076336,0.7862595419847328,0.33587786259541985,1.8601318300535412,-1.3603710916557683,181.68,0,0,85
2019-03-17 10:13:03.500869,496,444,16884,0.017578125,0.0283203125,1.012451171875,-299,112,23,-2.0610687022900764,0.6412213740458015,0.3511450381679389,2.5120682792669524,-1.0541019729426435,163.85,0,0,85
2019-03-17 10:13:03.541757,344,468,16532,0.0205078125,0.0302734375,1.015625,-286,90,43,-2.3587786259541983,0.5572519083969466,0.3435114503816794,1.0117136725036893,-1.2464756122844802,157.76,0,0,86
2019-03-17 10:13:03.583580,368,456,16700,0.0126953125,0.046142578125,1.012939453125,-336,89,41,-2.366412213740458,0.6717557251908397,0.33587786259541985,1.5010197960132683,-1.2533927839345498,155.76,0,0,86
2019-03-17 10:13:03.625072,308,756,16444,0.01806640625,0.027099609375,1.028564453125,-267,95,45,-3.8244274809160306,0.5954198473282443,0.31297709923664124,2.0628499968560856,-0.8266164539183773,155.32,0,0,87
2019-03-17 10:13:03.665611,320,264,16584,0.021240234375,0.02587890625,1.014892578125,-272,86,65,-2.2213740458015265,0.5877862595419847,0.3969465648854962,1.4708853934698405,-1.6533407274401262,182.19,0,0,87
2019-03-17 10:13:03.707822,396,344,16780,0.01953125,0.0283203125,1.014404296875,-285,90,30,-2.2442748091603053,0.5343511450381679,0.16793893129770993,1.468483131071242,-1.1763408848233812,154.47,0,0,88
2019-03-17 10:13:03.749351,264,472,16596,0.00732421875,0.028076171875,1.010986328125,-299,66,36,-2.786259541984733,0.7022900763358778,0.16793893129770993,1.5819234906129582,-1.2258108369045728,153.04,0,0,88
